UID0500,riddhish,riidhish@gmail.com,5/1/2020
UID0501,kushal,kushal@gmail.com,5/2/2020
UID0502,karan,karan@gmail.com,5/3/2020
UID0503,arundhati,arundhati@gmail.com,5/4/2020
UID0504,nidhi,nidhi@gmail.com,5/5/2020
UID0505,abhinav,abhinav@gmail.com,5/6/2020
UID0506,jeet,jeet@gmail.com,5/7/2020
UID0507,jay,jay@gmail.com,5/8/2020
UID0508,jam,jam@gmail.com,5/9/2020
UID0509,tommy,tommy@gmail.com,5/10/2020
UID0510,roshan,roshant@gmail.com,5/11/2020
UID0511,rishikesh,rishikesh@gmail.com,5/12/2020
UID0512,ram,ram@gmail.com,5/4/2020
