UID078,sush,sush@gmail.com,13/3/2021,A+
UID079,mansi,mansi@gmail.com,14/3/2021,O+
UID080,ravi,ravi@gmail.com,18/3/2021,AB-
UID081,dhanashree,dhanashree@gmail.com,12/4/2021,B-
UID082,smruti,smruti@gmail.com,14/3/2021,O-
UID083,akku,akku@gmail.com,12/3/2021,A-
UID084,anki,anki@gmail.com,12/3/2021,A+
UID085,ankita,ankita@gmail.com,12/3/2021,O+
UID086,durga,durga@gmail.com,12/3/2021,AB+
UID087,payal,payal@gmail.com,12/3/2021,A+
UID088,preeti,preeti@gmail.com,13/3/2021,A+
